,title_maart,title_april,published_at_maart,views_maart,rank_in_region_maart,views_april,rank_in_region_april,country_april,days_since_upload_april,duration_in_minutes_april,category_name_april,rank_change
0,Ø§Ù„Ø­Ø³Ù† Ø¹Ø§Ø¯Ù„ - ÙŠØ§Ø­Ù„Ø§ÙˆØ© Ø±Ù…Ø¶Ø§Ù† [2025] | Alhassan Adel - Ya 7alawet Ramadan,Ø§Ù„Ø­Ø³Ù† Ø¹Ø§Ø¯Ù„ - ÙŠØ§Ø­Ù„Ø§ÙˆØ© Ø±Ù…Ø¶Ø§Ù† [2025] | Alhassan Adel - Ya 7alawet Ramadan,2025-02-28 15:00:06,2008266,9,11697203.0,47,Libanon,31,2.9,Music,38
1,Ø¥Ø¹Ù„Ø§Ù† Ø¥ÙŠ Ø¢Ù†Ø¯(&e)Ø±Ù…Ø¶Ø§Ù† 2025 - Ø£ÙƒØªØ± Ùˆ Ø£ÙƒØªØ± - ØºÙ†Ø§Ø¡ Ø´ÙŠØ±ÙŠÙ† Ø¹Ø¨Ø¯ Ø§Ù„ÙˆÙ‡Ø§Ø¨,Ø¥Ø¹Ù„Ø§Ù† Ø¥ÙŠ Ø¢Ù†Ø¯(&e)Ø±Ù…Ø¶Ø§Ù† 2025 - Ø£ÙƒØªØ± Ùˆ Ø£ÙƒØªØ± - ØºÙ†Ø§Ø¡ Ø´ÙŠØ±ÙŠÙ† Ø¹Ø¨Ø¯ Ø§Ù„ÙˆÙ‡Ø§Ø¨,2025-03-01 10:02:01,5737538,12,38480951.0,22,Algerije,30,3.2,Entertainment,10
2,Ø¥Ø¹Ù„Ø§Ù† Ø¥ÙŠ Ø¢Ù†Ø¯(&e)Ø±Ù…Ø¶Ø§Ù† 2025 - Ø£ÙƒØªØ± Ùˆ Ø£ÙƒØªØ± - ØºÙ†Ø§Ø¡ Ø´ÙŠØ±ÙŠÙ† Ø¹Ø¨Ø¯ Ø§Ù„ÙˆÙ‡Ø§Ø¨,Ø¥Ø¹Ù„Ø§Ù† Ø¥ÙŠ Ø¢Ù†Ø¯(&e)Ø±Ù…Ø¶Ø§Ù† 2025 - Ø£ÙƒØªØ± Ùˆ Ø£ÙƒØªØ± - ØºÙ†Ø§Ø¡ Ø´ÙŠØ±ÙŠÙ† Ø¹Ø¨Ø¯ Ø§Ù„ÙˆÙ‡Ø§Ø¨,2025-03-01 10:02:01,5737538,12,38481408.0,14,Jemen,30,3.2,Entertainment,2
3,Mahmoud El Esseily -Kol Sana - Wadi Degla Ramadan 2025 Ù…Ø­Ù…ÙˆØ¯ Ø§Ù„Ø¹Ø³ÙŠÙ„ÙŠ - ÙƒÙ„ Ø³Ù†Ø© - ÙˆØ§Ø¯ÙŠ Ø¯Ø¬Ù„Ø© Ø±Ù…Ø¶Ø§Ù† Ù¢Ù Ù¢Ù¥,Mahmoud El Esseily -Kol Sana - Wadi Degla Ramadan 2025 Ù…Ø­Ù…ÙˆØ¯ Ø§Ù„Ø¹Ø³ÙŠÙ„ÙŠ - ÙƒÙ„ Ø³Ù†Ø© - ÙˆØ§Ø¯ÙŠ Ø¯Ø¬Ù„Ø© Ø±Ù…Ø¶Ø§Ù† Ù¢Ù Ù¢Ù¥,2025-02-28 18:20:16,254906,21,2196947.0,22,Irak,31,2.0,Music,1
4,Mahmoud El Esseily -Kol Sana - Wadi Degla Ramadan 2025 Ù…Ø­Ù…ÙˆØ¯ Ø§Ù„Ø¹Ø³ÙŠÙ„ÙŠ - ÙƒÙ„ Ø³Ù†Ø© - ÙˆØ§Ø¯ÙŠ Ø¯Ø¬Ù„Ø© Ø±Ù…Ø¶Ø§Ù† Ù¢Ù Ù¢Ù¥,Mahmoud El Esseily -Kol Sana - Wadi Degla Ramadan 2025 Ù…Ø­Ù…ÙˆØ¯ Ø§Ù„Ø¹Ø³ÙŠÙ„ÙŠ - ÙƒÙ„ Ø³Ù†Ø© - ÙˆØ§Ø¯ÙŠ Ø¯Ø¬Ù„Ø© Ø±Ù…Ø¶Ø§Ù† Ù¢Ù Ù¢Ù¥,2025-02-28 18:20:16,254906,21,2196947.0,8,Koeweit,31,2.0,Music,-13
5,Content thá»i tiá»n sá»­ [BEN EAGLE] #beneagle #kungfu #martialarts #fighting #action #entertainment,Content thá»i tiá»n sá»­ [BEN EAGLE] #beneagle #kungfu #martialarts #fighting #action #entertainment,2025-02-25 16:00:54,16640937,7,30400086.0,35,Oeganda,34,0.6,Entertainment,28
6,When he ran into the door! ğŸ˜²,When he ran into the door! ğŸ˜²,2025-02-26 16:10:26,36239737,10,99252449.0,38,Oeganda,33,1.2,Entertainment,28
7,When he ran into the door! ğŸ˜²,When he ran into the door! ğŸ˜²,2025-02-26 16:10:26,36239737,10,99252449.0,50,Zimbabwe,33,1.2,Entertainment,40
8,When he ran into the door! ğŸ˜²,When he ran into the door! ğŸ˜²,2025-02-26 16:10:26,36239737,10,99252449.0,38,Malta,33,1.2,Entertainment,28
9,Still surprising mom with magic âœ¨,Still surprising mom with magic âœ¨,2025-02-26 13:01:30,20988527,15,51493926.0,42,Oeganda,33,0.2,Comedy,27
10,When he ran into the door! ğŸ˜²,When he ran into the door! ğŸ˜²,2025-02-26 16:10:26,36239737,5,99252449.0,38,Oeganda,33,1.2,Entertainment,33
11,When he ran into the door! ğŸ˜²,When he ran into the door! ğŸ˜²,2025-02-26 16:10:26,36239737,5,99252449.0,50,Zimbabwe,33,1.2,Entertainment,45
12,When he ran into the door! ğŸ˜²,When he ran into the door! ğŸ˜²,2025-02-26 16:10:26,36239737,5,99252449.0,38,Malta,33,1.2,Entertainment,33
13,Still surprising mom with magic âœ¨,Still surprising mom with magic âœ¨,2025-02-26 13:01:30,20988527,6,51493926.0,42,Oeganda,33,0.2,Comedy,36
14,Content thá»i tiá»n sá»­ [BEN EAGLE] #beneagle #kungfu #martialarts #fighting #action #entertainment,Content thá»i tiá»n sá»­ [BEN EAGLE] #beneagle #kungfu #martialarts #fighting #action #entertainment,2025-02-25 16:00:54,16640937,8,30400086.0,35,Oeganda,34,0.6,Entertainment,27
15,å§å§å¥½å‰å®³å•Šï¼#ç«å½±å¿è€… #å®¶åº­ #å°èš‚èš,å§å§å¥½å‰å®³å•Šï¼#ç«å½±å¿è€… #å®¶åº­ #å°èš‚èš,2025-02-25 09:00:13,25278831,15,98503326.0,39,Oeganda,34,0.4,People & Blogs,24
16,This was SO closeğŸ˜³ğŸ˜­ #newchallenge #shorts  @isabellaafro @IsabellandJay,This was SO closeğŸ˜³ğŸ˜­ #newchallenge #shorts  @isabellaafro @IsabellandJay,2025-03-01 15:04:19,7154489,25,34972610.0,41,Oeganda,30,0.5,Comedy,16
17,"Abigail Chams, Harmonize - Me too (Official Music Video)","Abigail Chams, Harmonize - Me too (Official Music Video)",2025-02-28 09:01:09,808667,26,4462529.0,18,Oeganda,31,2.7,Music,-8
18,"Abigail Chams, Harmonize - Me too (Official Music Video)","Abigail Chams, Harmonize - Me too (Official Music Video)",2025-02-28 09:01:09,808667,26,4462529.0,18,Zimbabwe,31,2.7,Music,-8
19,Ø§Ù„Ø­Ø³Ù† Ø¹Ø§Ø¯Ù„ - ÙŠØ§Ø­Ù„Ø§ÙˆØ© Ø±Ù…Ø¶Ø§Ù† [2025] | Alhassan Adel - Ya 7alawet Ramadan,Ø§Ù„Ø­Ø³Ù† Ø¹Ø§Ø¯Ù„ - ÙŠØ§Ø­Ù„Ø§ÙˆØ© Ø±Ù…Ø¶Ø§Ù† [2025] | Alhassan Adel - Ya 7alawet Ramadan,2025-02-28 15:00:06,2008266,19,11697203.0,47,Libanon,31,2.9,Music,28
20,When he ran into the door! ğŸ˜²,When he ran into the door! ğŸ˜²,2025-02-26 16:10:26,36239737,7,99252449.0,38,Oeganda,33,1.2,Entertainment,31
21,When he ran into the door! ğŸ˜²,When he ran into the door! ğŸ˜²,2025-02-26 16:10:26,36239737,7,99252449.0,50,Zimbabwe,33,1.2,Entertainment,43
22,When he ran into the door! ğŸ˜²,When he ran into the door! ğŸ˜²,2025-02-26 16:10:26,36239737,7,99252449.0,38,Malta,33,1.2,Entertainment,31
23,Content thá»i tiá»n sá»­ [BEN EAGLE] #beneagle #kungfu #martialarts #fighting #action #entertainment,Content thá»i tiá»n sá»­ [BEN EAGLE] #beneagle #kungfu #martialarts #fighting #action #entertainment,2025-02-25 16:00:54,16640937,13,30400086.0,35,Oeganda,34,0.6,Entertainment,22
24,å§å§å¥½å‰å®³å•Šï¼#ç«å½±å¿è€… #å®¶åº­ #å°èš‚èš,å§å§å¥½å‰å®³å•Šï¼#ç«å½±å¿è€… #å®¶åº­ #å°èš‚èš,2025-02-25 09:00:13,25278831,5,98503326.0,39,Oeganda,34,0.4,People & Blogs,34
25,Ø§Ù„Ø­Ø³Ù† Ø¹Ø§Ø¯Ù„ - ÙŠØ§Ø­Ù„Ø§ÙˆØ© Ø±Ù…Ø¶Ø§Ù† [2025] | Alhassan Adel - Ya 7alawet Ramadan,Ø§Ù„Ø­Ø³Ù† Ø¹Ø§Ø¯Ù„ - ÙŠØ§Ø­Ù„Ø§ÙˆØ© Ø±Ù…Ø¶Ø§Ù† [2025] | Alhassan Adel - Ya 7alawet Ramadan,2025-02-28 15:00:06,2008266,25,11697203.0,47,Libanon,31,2.9,Music,22
26,Content thá»i tiá»n sá»­ [BEN EAGLE] #beneagle #kungfu #martialarts #fighting #action #entertainment,Content thá»i tiá»n sá»­ [BEN EAGLE] #beneagle #kungfu #martialarts #fighting #action #entertainment,2025-02-25 16:00:54,16640937,1,30400086.0,35,Oeganda,34,0.6,Entertainment,34
27,"Abigail Chams, Harmonize - Me too (Official Music Video)","Abigail Chams, Harmonize - Me too (Official Music Video)",2025-02-28 09:01:09,808667,2,4462529.0,18,Oeganda,31,2.7,Music,16
28,"Abigail Chams, Harmonize - Me too (Official Music Video)","Abigail Chams, Harmonize - Me too (Official Music Video)",2025-02-28 09:01:09,808667,2,4462529.0,18,Zimbabwe,31,2.7,Music,16
29,When he ran into the door! ğŸ˜²,When he ran into the door! ğŸ˜²,2025-02-26 16:10:26,36239737,32,99252449.0,38,Oeganda,33,1.2,Entertainment,6
30,When he ran into the door! ğŸ˜²,When he ran into the door! ğŸ˜²,2025-02-26 16:10:26,36239737,32,99252449.0,50,Zimbabwe,33,1.2,Entertainment,18
31,When he ran into the door! ğŸ˜²,When he ran into the door! ğŸ˜²,2025-02-26 16:10:26,36239737,32,99252449.0,38,Malta,33,1.2,Entertainment,6
32,Content thá»i tiá»n sá»­ [BEN EAGLE] #beneagle #kungfu #martialarts #fighting #action #entertainment,Content thá»i tiá»n sá»­ [BEN EAGLE] #beneagle #kungfu #martialarts #fighting #action #entertainment,2025-02-25 16:00:54,16640937,1,30400086.0,35,Oeganda,34,0.6,Entertainment,34
33,Cindy vs Sheebah battle2025 funny performance (Namuyomba Comedy) live band,Cindy vs Sheebah battle2025 funny performance (Namuyomba Comedy) live band,2025-02-27 07:33:08,38857,7,200106.0,30,Oeganda,32,9.8,Comedy,23
34,When he ran into the door! ğŸ˜²,When he ran into the door! ğŸ˜²,2025-02-26 16:10:26,36239737,10,99252449.0,38,Oeganda,33,1.2,Entertainment,28
35,When he ran into the door! ğŸ˜²,When he ran into the door! ğŸ˜²,2025-02-26 16:10:26,36239737,10,99252449.0,50,Zimbabwe,33,1.2,Entertainment,40
36,When he ran into the door! ğŸ˜²,When he ran into the door! ğŸ˜²,2025-02-26 16:10:26,36239737,10,99252449.0,38,Malta,33,1.2,Entertainment,28
37,Vinka - Sirubala (Official Music Video),Vinka - Sirubala (Official Music Video),2025-02-27 14:55:06,79747,11,299959.0,25,Oeganda,32,3.4,Music,14
38,Still surprising mom with magic âœ¨,Still surprising mom with magic âœ¨,2025-02-26 13:01:30,20988527,15,51493926.0,42,Oeganda,33,0.2,Comedy,27
39,When he ran into the door! ğŸ˜²,When he ran into the door! ğŸ˜²,2025-02-26 16:10:26,36239737,1,99252449.0,38,Oeganda,33,1.2,Entertainment,37
40,When he ran into the door! ğŸ˜²,When he ran into the door! ğŸ˜²,2025-02-26 16:10:26,36239737,1,99252449.0,50,Zimbabwe,33,1.2,Entertainment,49
41,When he ran into the door! ğŸ˜²,When he ran into the door! ğŸ˜²,2025-02-26 16:10:26,36239737,1,99252449.0,38,Malta,33,1.2,Entertainment,37
42,Still surprising mom with magic âœ¨,Still surprising mom with magic âœ¨,2025-02-26 13:01:30,20988527,2,51493926.0,42,Oeganda,33,0.2,Comedy,40
43,Nutty O - NORMALIZE,Nutty O - NORMALIZE,2025-02-26 08:00:34,161749,3,333483.0,33,Zimbabwe,33,3.1,Music,30
44,EXQ - DIWAWO (performance video),EXQ - DIWAWO (performance video),2025-02-26 08:00:51,60951,10,164024.0,48,Zimbabwe,33,3.8,Music,38
45,When he ran into the door! ğŸ˜²,When he ran into the door! ğŸ˜²,2025-02-26 16:10:26,36239737,15,99252449.0,38,Oeganda,33,1.2,Entertainment,23
46,When he ran into the door! ğŸ˜²,When he ran into the door! ğŸ˜²,2025-02-26 16:10:26,36239737,15,99252449.0,50,Zimbabwe,33,1.2,Entertainment,35
47,When he ran into the door! ğŸ˜²,When he ran into the door! ğŸ˜²,2025-02-26 16:10:26,36239737,15,99252449.0,38,Malta,33,1.2,Entertainment,23
48,Still surprising mom with magic âœ¨,Still surprising mom with magic âœ¨,2025-02-26 13:01:30,20988527,20,51493926.0,42,Oeganda,33,0.2,Comedy,22
49,Content thá»i tiá»n sá»­ [BEN EAGLE] #beneagle #kungfu #martialarts #fighting #action #entertainment,Content thá»i tiá»n sá»­ [BEN EAGLE] #beneagle #kungfu #martialarts #fighting #action #entertainment,2025-02-25 16:00:54,16640937,23,30400086.0,35,Oeganda,34,0.6,Entertainment,12
50,Ø¥Ø¹Ù„Ø§Ù† Ø¥ÙŠ Ø¢Ù†Ø¯(&e)Ø±Ù…Ø¶Ø§Ù† 2025 - Ø£ÙƒØªØ± Ùˆ Ø£ÙƒØªØ± - ØºÙ†Ø§Ø¡ Ø´ÙŠØ±ÙŠÙ† Ø¹Ø¨Ø¯ Ø§Ù„ÙˆÙ‡Ø§Ø¨,Ø¥Ø¹Ù„Ø§Ù† Ø¥ÙŠ Ø¢Ù†Ø¯(&e)Ø±Ù…Ø¶Ø§Ù† 2025 - Ø£ÙƒØªØ± Ùˆ Ø£ÙƒØªØ± - ØºÙ†Ø§Ø¡ Ø´ÙŠØ±ÙŠÙ† Ø¹Ø¨Ø¯ Ø§Ù„ÙˆÙ‡Ø§Ø¨,2025-03-01 10:02:01,5753091,28,38480951.0,22,Algerije,30,3.2,Entertainment,-6
51,Ø¥Ø¹Ù„Ø§Ù† Ø¥ÙŠ Ø¢Ù†Ø¯(&e)Ø±Ù…Ø¶Ø§Ù† 2025 - Ø£ÙƒØªØ± Ùˆ Ø£ÙƒØªØ± - ØºÙ†Ø§Ø¡ Ø´ÙŠØ±ÙŠÙ† Ø¹Ø¨Ø¯ Ø§Ù„ÙˆÙ‡Ø§Ø¨,Ø¥Ø¹Ù„Ø§Ù† Ø¥ÙŠ Ø¢Ù†Ø¯(&e)Ø±Ù…Ø¶Ø§Ù† 2025 - Ø£ÙƒØªØ± Ùˆ Ø£ÙƒØªØ± - ØºÙ†Ø§Ø¡ Ø´ÙŠØ±ÙŠÙ† Ø¹Ø¨Ø¯ Ø§Ù„ÙˆÙ‡Ø§Ø¨,2025-03-01 10:02:01,5753091,28,38481408.0,14,Jemen,30,3.2,Entertainment,-14
52,Ø§Ù„Ø­Ø³Ù† Ø¹Ø§Ø¯Ù„ - ÙŠØ§Ø­Ù„Ø§ÙˆØ© Ø±Ù…Ø¶Ø§Ù† [2025] | Alhassan Adel - Ya 7alawet Ramadan,Ø§Ù„Ø­Ø³Ù† Ø¹Ø§Ø¯Ù„ - ÙŠØ§Ø­Ù„Ø§ÙˆØ© Ø±Ù…Ø¶Ø§Ù† [2025] | Alhassan Adel - Ya 7alawet Ramadan,2025-02-28 15:00:06,2009094,31,11697203.0,47,Libanon,31,2.9,Music,16
53,When he ran into the door! ğŸ˜²,When he ran into the door! ğŸ˜²,2025-02-26 16:10:26,36354048,11,99252449.0,38,Oeganda,33,1.2,Entertainment,27
54,When he ran into the door! ğŸ˜²,When he ran into the door! ğŸ˜²,2025-02-26 16:10:26,36354048,11,99252449.0,50,Zimbabwe,33,1.2,Entertainment,39
55,When he ran into the door! ğŸ˜²,When he ran into the door! ğŸ˜²,2025-02-26 16:10:26,36354048,11,99252449.0,38,Malta,33,1.2,Entertainment,27
56,When he ran into the door! ğŸ˜²,When he ran into the door! ğŸ˜²,2025-02-26 16:10:26,36354048,15,99252449.0,38,Oeganda,33,1.2,Entertainment,23
57,When he ran into the door! ğŸ˜²,When he ran into the door! ğŸ˜²,2025-02-26 16:10:26,36354048,15,99252449.0,50,Zimbabwe,33,1.2,Entertainment,35
58,When he ran into the door! ğŸ˜²,When he ran into the door! ğŸ˜²,2025-02-26 16:10:26,36354048,15,99252449.0,38,Malta,33,1.2,Entertainment,23
59,å§å§å¥½å‰å®³å•Šï¼#ç«å½±å¿è€… #å®¶åº­ #å°èš‚èš,å§å§å¥½å‰å®³å•Šï¼#ç«å½±å¿è€… #å®¶åº­ #å°èš‚èš,2025-02-25 09:00:13,25405757,7,98503326.0,39,Oeganda,34,0.4,People & Blogs,32
60,When he ran into the door! ğŸ˜²,When he ran into the door! ğŸ˜²,2025-02-26 16:10:26,36354048,7,99252449.0,38,Oeganda,33,1.2,Entertainment,31
61,When he ran into the door! ğŸ˜²,When he ran into the door! ğŸ˜²,2025-02-26 16:10:26,36354048,7,99252449.0,50,Zimbabwe,33,1.2,Entertainment,43
62,When he ran into the door! ğŸ˜²,When he ran into the door! ğŸ˜²,2025-02-26 16:10:26,36354048,7,99252449.0,38,Malta,33,1.2,Entertainment,31
63,Still surprising mom with magic âœ¨,Still surprising mom with magic âœ¨,2025-02-26 13:01:30,21003434,12,51493926.0,42,Oeganda,33,0.2,Comedy,30
64,When he ran into the door! ğŸ˜²,When he ran into the door! ğŸ˜²,2025-02-26 16:10:26,36354048,3,99252449.0,38,Oeganda,33,1.2,Entertainment,35
65,When he ran into the door! ğŸ˜²,When he ran into the door! ğŸ˜²,2025-02-26 16:10:26,36354048,3,99252449.0,50,Zimbabwe,33,1.2,Entertainment,47
66,When he ran into the door! ğŸ˜²,When he ran into the door! ğŸ˜²,2025-02-26 16:10:26,36354048,3,99252449.0,38,Malta,33,1.2,Entertainment,35
67,å§å§å¥½å‰å®³å•Šï¼#ç«å½±å¿è€… #å®¶åº­ #å°èš‚èš,å§å§å¥½å‰å®³å•Šï¼#ç«å½±å¿è€… #å®¶åº­ #å°èš‚èš,2025-02-25 09:00:13,25405757,11,98503326.0,39,Oeganda,34,0.4,People & Blogs,28
68,This was SO closeğŸ˜³ğŸ˜­ #newchallenge #shorts  @isabellaafro @IsabellandJay,This was SO closeğŸ˜³ğŸ˜­ #newchallenge #shorts  @isabellaafro @IsabellandJay,2025-03-01 15:04:19,7186598,28,34972610.0,41,Oeganda,30,0.5,Comedy,13
69,Ø§Ù„Ø­Ø³Ù† Ø¹Ø§Ø¯Ù„ - ÙŠØ§Ø­Ù„Ø§ÙˆØ© Ø±Ù…Ø¶Ø§Ù† [2025] | Alhassan Adel - Ya 7alawet Ramadan,Ø§Ù„Ø­Ø³Ù† Ø¹Ø§Ø¯Ù„ - ÙŠØ§Ø­Ù„Ø§ÙˆØ© Ø±Ù…Ø¶Ø§Ù† [2025] | Alhassan Adel - Ya 7alawet Ramadan,2025-02-28 15:00:06,2009094,38,11697203.0,47,Libanon,31,2.9,Music,9
70,Ø§Ù„Ø­Ø³Ù† Ø¹Ø§Ø¯Ù„ - ÙŠØ§Ø­Ù„Ø§ÙˆØ© Ø±Ù…Ø¶Ø§Ù† [2025] | Alhassan Adel - Ya 7alawet Ramadan,Ø§Ù„Ø­Ø³Ù† Ø¹Ø§Ø¯Ù„ - ÙŠØ§Ø­Ù„Ø§ÙˆØ© Ø±Ù…Ø¶Ø§Ù† [2025] | Alhassan Adel - Ya 7alawet Ramadan,2025-02-28 15:00:06,2009094,14,11697203.0,47,Libanon,31,2.9,Music,33
71,Still surprising mom with magic âœ¨,Still surprising mom with magic âœ¨,2025-02-26 13:01:30,21003434,25,51493926.0,42,Oeganda,33,0.2,Comedy,17
72,Ø§Ù„Ø­Ø³Ù† Ø¹Ø§Ø¯Ù„ - ÙŠØ§Ø­Ù„Ø§ÙˆØ© Ø±Ù…Ø¶Ø§Ù† [2025] | Alhassan Adel - Ya 7alawet Ramadan,Ø§Ù„Ø­Ø³Ù† Ø¹Ø§Ø¯Ù„ - ÙŠØ§Ø­Ù„Ø§ÙˆØ© Ø±Ù…Ø¶Ø§Ù† [2025] | Alhassan Adel - Ya 7alawet Ramadan,2025-02-28 15:00:06,2009094,21,11697203.0,47,Libanon,31,2.9,Music,26
73,"Highest Away From Me Wins $10,000","Highest Away From Me Wins $10,000",2025-02-28 17:00:00,76830842,33,161117200.0,49,Luxemburg,31,0.8,Entertainment,16
74,When he ran into the door! ğŸ˜²,When he ran into the door! ğŸ˜²,2025-02-26 16:10:26,36441314,2,99252449.0,38,Oeganda,33,1.2,Entertainment,36
75,When he ran into the door! ğŸ˜²,When he ran into the door! ğŸ˜²,2025-02-26 16:10:26,36441314,2,99252449.0,50,Zimbabwe,33,1.2,Entertainment,48
76,When he ran into the door! ğŸ˜²,When he ran into the door! ğŸ˜²,2025-02-26 16:10:26,36441314,2,99252449.0,38,Malta,33,1.2,Entertainment,36
77,"Haha, are children's brains so good now?# Mother and Child Daily# Family Fun# Life Tips# Parent-Chi","Haha, are children's brains so good now?# Mother and Child Daily# Family Fun# Life Tips# Parent-Chi",2025-02-28 07:07:40,6366144,20,75379066.0,37,Oeganda,31,0.6,People & Blogs,17
78,Still surprising mom with magic âœ¨,Still surprising mom with magic âœ¨,2025-02-26 13:01:30,21017150,27,51493926.0,42,Oeganda,33,0.2,Comedy,15
79,Still surprising mom with magic âœ¨,Still surprising mom with magic âœ¨,2025-02-26 13:01:30,21017150,4,51493926.0,42,Oeganda,33,0.2,Comedy,38
80,When he ran into the door! ğŸ˜²,When he ran into the door! ğŸ˜²,2025-02-26 16:10:26,36354048,11,99252449.0,38,Oeganda,33,1.2,Entertainment,27
81,When he ran into the door! ğŸ˜²,When he ran into the door! ğŸ˜²,2025-02-26 16:10:26,36354048,11,99252449.0,50,Zimbabwe,33,1.2,Entertainment,39
82,When he ran into the door! ğŸ˜²,When he ran into the door! ğŸ˜²,2025-02-26 16:10:26,36354048,11,99252449.0,38,Malta,33,1.2,Entertainment,27
83,When he ran into the door! ğŸ˜²,When he ran into the door! ğŸ˜²,2025-02-26 16:10:26,36354048,3,99252449.0,38,Oeganda,33,1.2,Entertainment,35
84,When he ran into the door! ğŸ˜²,When he ran into the door! ğŸ˜²,2025-02-26 16:10:26,36354048,3,99252449.0,50,Zimbabwe,33,1.2,Entertainment,47
85,When he ran into the door! ğŸ˜²,When he ran into the door! ğŸ˜²,2025-02-26 16:10:26,36354048,3,99252449.0,38,Malta,33,1.2,Entertainment,35
86,Still surprising mom with magic âœ¨,Still surprising mom with magic âœ¨,2025-02-26 13:01:30,21017150,5,51493926.0,42,Oeganda,33,0.2,Comedy,37
87,Ø§Ù„Ø­Ø³Ù† Ø¹Ø§Ø¯Ù„ - ÙŠØ§Ø­Ù„Ø§ÙˆØ© Ø±Ù…Ø¶Ø§Ù† [2025] | Alhassan Adel - Ya 7alawet Ramadan,Ø§Ù„Ø­Ø³Ù† Ø¹Ø§Ø¯Ù„ - ÙŠØ§Ø­Ù„Ø§ÙˆØ© Ø±Ù…Ø¶Ø§Ù† [2025] | Alhassan Adel - Ya 7alawet Ramadan,2025-02-28 15:00:06,2009094,21,11697203.0,47,Libanon,31,2.9,Music,26
88,Still surprising mom with magic âœ¨,Still surprising mom with magic âœ¨,2025-02-26 13:01:30,21017150,1,51493926.0,42,Oeganda,33,0.2,Comedy,41
89,When he ran into the door! ğŸ˜²,When he ran into the door! ğŸ˜²,2025-02-26 16:10:26,36354048,6,99252449.0,38,Oeganda,33,1.2,Entertainment,32
90,When he ran into the door! ğŸ˜²,When he ran into the door! ğŸ˜²,2025-02-26 16:10:26,36354048,6,99252449.0,50,Zimbabwe,33,1.2,Entertainment,44
91,When he ran into the door! ğŸ˜²,When he ran into the door! ğŸ˜²,2025-02-26 16:10:26,36354048,6,99252449.0,38,Malta,33,1.2,Entertainment,32
92,When he ran into the door! ğŸ˜²,When he ran into the door! ğŸ˜²,2025-02-26 16:10:26,36354048,15,99252449.0,38,Oeganda,33,1.2,Entertainment,23
93,When he ran into the door! ğŸ˜²,When he ran into the door! ğŸ˜²,2025-02-26 16:10:26,36354048,15,99252449.0,50,Zimbabwe,33,1.2,Entertainment,35
94,When he ran into the door! ğŸ˜²,When he ran into the door! ğŸ˜²,2025-02-26 16:10:26,36354048,15,99252449.0,38,Malta,33,1.2,Entertainment,23
95,Ø§Ù„Ø­Ø³Ù† Ø¹Ø§Ø¯Ù„ - ÙŠØ§Ø­Ù„Ø§ÙˆØ© Ø±Ù…Ø¶Ø§Ù† [2025] | Alhassan Adel - Ya 7alawet Ramadan,Ø§Ù„Ø­Ø³Ù† Ø¹Ø§Ø¯Ù„ - ÙŠØ§Ø­Ù„Ø§ÙˆØ© Ø±Ù…Ø¶Ø§Ù† [2025] | Alhassan Adel - Ya 7alawet Ramadan,2025-02-28 15:00:06,2009094,23,11697203.0,47,Libanon,31,2.9,Music,24
96,Ø§Ù„Ø­Ø³Ù† Ø¹Ø§Ø¯Ù„ - ÙŠØ§Ø­Ù„Ø§ÙˆØ© Ø±Ù…Ø¶Ø§Ù† [2025] | Alhassan Adel - Ya 7alawet Ramadan,Ø§Ù„Ø­Ø³Ù† Ø¹Ø§Ø¯Ù„ - ÙŠØ§Ø­Ù„Ø§ÙˆØ© Ø±Ù…Ø¶Ø§Ù† [2025] | Alhassan Adel - Ya 7alawet Ramadan,2025-02-28 15:00:06,2009094,24,11697203.0,47,Libanon,31,2.9,Music,23
97,Ø¥Ø¹Ù„Ø§Ù† Ø¥ÙŠ Ø¢Ù†Ø¯(&e)Ø±Ù…Ø¶Ø§Ù† 2025 - Ø£ÙƒØªØ± Ùˆ Ø£ÙƒØªØ± - ØºÙ†Ø§Ø¡ Ø´ÙŠØ±ÙŠÙ† Ø¹Ø¨Ø¯ Ø§Ù„ÙˆÙ‡Ø§Ø¨,Ø¥Ø¹Ù„Ø§Ù† Ø¥ÙŠ Ø¢Ù†Ø¯(&e)Ø±Ù…Ø¶Ø§Ù† 2025 - Ø£ÙƒØªØ± Ùˆ Ø£ÙƒØªØ± - ØºÙ†Ø§Ø¡ Ø´ÙŠØ±ÙŠÙ† Ø¹Ø¨Ø¯ Ø§Ù„ÙˆÙ‡Ø§Ø¨,2025-03-01 10:02:01,5753091,31,38480951.0,22,Algerije,30,3.2,Entertainment,-9
98,Ø¥Ø¹Ù„Ø§Ù† Ø¥ÙŠ Ø¢Ù†Ø¯(&e)Ø±Ù…Ø¶Ø§Ù† 2025 - Ø£ÙƒØªØ± Ùˆ Ø£ÙƒØªØ± - ØºÙ†Ø§Ø¡ Ø´ÙŠØ±ÙŠÙ† Ø¹Ø¨Ø¯ Ø§Ù„ÙˆÙ‡Ø§Ø¨,Ø¥Ø¹Ù„Ø§Ù† Ø¥ÙŠ Ø¢Ù†Ø¯(&e)Ø±Ù…Ø¶Ø§Ù† 2025 - Ø£ÙƒØªØ± Ùˆ Ø£ÙƒØªØ± - ØºÙ†Ø§Ø¡ Ø´ÙŠØ±ÙŠÙ† Ø¹Ø¨Ø¯ Ø§Ù„ÙˆÙ‡Ø§Ø¨,2025-03-01 10:02:01,5753091,31,38481408.0,14,Jemen,30,3.2,Entertainment,-17
99,When he ran into the door! ğŸ˜²,When he ran into the door! ğŸ˜²,2025-02-26 16:10:26,36354048,2,99252449.0,38,Oeganda,33,1.2,Entertainment,36
100,When he ran into the door! ğŸ˜²,When he ran into the door! ğŸ˜²,2025-02-26 16:10:26,36354048,2,99252449.0,50,Zimbabwe,33,1.2,Entertainment,48
101,When he ran into the door! ğŸ˜²,When he ran into the door! ğŸ˜²,2025-02-26 16:10:26,36354048,2,99252449.0,38,Malta,33,1.2,Entertainment,36
102,"Haha, are children's brains so good now?# Mother and Child Daily# Family Fun# Life Tips# Parent-Chi","Haha, are children's brains so good now?# Mother and Child Daily# Family Fun# Life Tips# Parent-Chi",2025-02-28 07:07:40,6361812,3,75379066.0,37,Oeganda,31,0.6,People & Blogs,34
103,"Haha, are children's brains so good now?# Mother and Child Daily# Family Fun# Life Tips# Parent-Chi","Haha, are children's brains so good now?# Mother and Child Daily# Family Fun# Life Tips# Parent-Chi",2025-02-28 07:07:40,6396833,5,75379066.0,37,Oeganda,31,0.6,People & Blogs,32
104,When he ran into the door! ğŸ˜²,When he ran into the door! ğŸ˜²,2025-02-26 16:10:26,36441314,18,99252449.0,38,Oeganda,33,1.2,Entertainment,20
105,When he ran into the door! ğŸ˜²,When he ran into the door! ğŸ˜²,2025-02-26 16:10:26,36441314,18,99252449.0,50,Zimbabwe,33,1.2,Entertainment,32
106,When he ran into the door! ğŸ˜²,When he ran into the door! ğŸ˜²,2025-02-26 16:10:26,36441314,18,99252449.0,38,Malta,33,1.2,Entertainment,20
107,"Highest Away From Me Wins $10,000","Highest Away From Me Wins $10,000",2025-02-28 17:00:00,76830842,46,161117200.0,49,Luxemburg,31,0.8,Entertainment,3
108,"Haha, are children's brains so good now?# Mother and Child Daily# Family Fun# Life Tips# Parent-Chi","Haha, are children's brains so good now?# Mother and Child Daily# Family Fun# Life Tips# Parent-Chi",2025-02-28 07:07:40,6396833,2,75379066.0,37,Oeganda,31,0.6,People & Blogs,35
109,Content thá»i tiá»n sá»­ [BEN EAGLE] #beneagle #kungfu #martialarts #fighting #action #entertainment,Content thá»i tiá»n sá»­ [BEN EAGLE] #beneagle #kungfu #martialarts #fighting #action #entertainment,2025-02-25 16:00:54,16690922,47,30400086.0,35,Oeganda,34,0.6,Entertainment,-12
110,Báº®C BLING (Báº®C NINH) | OFFICIAL MV | HOÃ€ MINZY ft NS XUÃ‚N HINH x MASEW x TUáº¤N CRY,Báº®C BLING (Báº®C NINH) | OFFICIAL MV | HOÃ€ MINZY ft NS XUÃ‚N HINH x MASEW x TUáº¤N CRY,2025-03-01 12:00:07,9625347,1,110340531.0,41,Vietnam,30,4.3,Music,40
111,Ø§Ù„Ø­Ø³Ù† Ø¹Ø§Ø¯Ù„ - ÙŠØ§Ø­Ù„Ø§ÙˆØ© Ø±Ù…Ø¶Ø§Ù† [2025] | Alhassan Adel - Ya 7alawet Ramadan,Ø§Ù„Ø­Ø³Ù† Ø¹Ø§Ø¯Ù„ - ÙŠØ§Ø­Ù„Ø§ÙˆØ© Ø±Ù…Ø¶Ø§Ù† [2025] | Alhassan Adel - Ya 7alawet Ramadan,2025-02-28 15:00:06,2009094,21,11697203.0,47,Libanon,31,2.9,Music,26
112,When he ran into the door! ğŸ˜²,When he ran into the door! ğŸ˜²,2025-02-26 16:10:26,36050754,10,99252449.0,38,Oeganda,33,1.2,Entertainment,28
113,When he ran into the door! ğŸ˜²,When he ran into the door! ğŸ˜²,2025-02-26 16:10:26,36050754,10,99252449.0,50,Zimbabwe,33,1.2,Entertainment,40
114,When he ran into the door! ğŸ˜²,When he ran into the door! ğŸ˜²,2025-02-26 16:10:26,36050754,10,99252449.0,38,Malta,33,1.2,Entertainment,28
115,Content thá»i tiá»n sá»­ [BEN EAGLE] #beneagle #kungfu #martialarts #fighting #action #entertainment,Content thá»i tiá»n sá»­ [BEN EAGLE] #beneagle #kungfu #martialarts #fighting #action #entertainment,2025-02-25 16:00:54,16607109,24,30400086.0,35,Oeganda,34,0.6,Entertainment,11
116,Still surprising mom with magic âœ¨,Still surprising mom with magic âœ¨,2025-02-26 13:01:30,20965178,28,51493926.0,42,Oeganda,33,0.2,Comedy,14
117,å§å§å¥½å‰å®³å•Šï¼#ç«å½±å¿è€… #å®¶åº­ #å°èš‚èš,å§å§å¥½å‰å®³å•Šï¼#ç«å½±å¿è€… #å®¶åº­ #å°èš‚èš,2025-02-25 09:00:13,25154845,42,98503326.0,39,Oeganda,34,0.4,People & Blogs,-3
118,When he ran into the door! ğŸ˜²,When he ran into the door! ğŸ˜²,2025-02-26 16:10:26,36050754,7,99252449.0,38,Oeganda,33,1.2,Entertainment,31
119,When he ran into the door! ğŸ˜²,When he ran into the door! ğŸ˜²,2025-02-26 16:10:26,36050754,7,99252449.0,50,Zimbabwe,33,1.2,Entertainment,43
120,When he ran into the door! ğŸ˜²,When he ran into the door! ğŸ˜²,2025-02-26 16:10:26,36050754,7,99252449.0,38,Malta,33,1.2,Entertainment,31
121,Content thá»i tiá»n sá»­ [BEN EAGLE] #beneagle #kungfu #martialarts #fighting #action #entertainment,Content thá»i tiá»n sá»­ [BEN EAGLE] #beneagle #kungfu #martialarts #fighting #action #entertainment,2025-02-25 16:00:54,16607109,25,30400086.0,35,Oeganda,34,0.6,Entertainment,10
122,Still surprising mom with magic âœ¨,Still surprising mom with magic âœ¨,2025-02-26 13:01:30,20965178,32,51493926.0,42,Oeganda,33,0.2,Comedy,10
123,When he ran into the door! ğŸ˜²,When he ran into the door! ğŸ˜²,2025-02-26 16:10:26,36050754,4,99252449.0,38,Oeganda,33,1.2,Entertainment,34
124,When he ran into the door! ğŸ˜²,When he ran into the door! ğŸ˜²,2025-02-26 16:10:26,36050754,4,99252449.0,50,Zimbabwe,33,1.2,Entertainment,46
125,When he ran into the door! ğŸ˜²,When he ran into the door! ğŸ˜²,2025-02-26 16:10:26,36050754,4,99252449.0,38,Malta,33,1.2,Entertainment,34
126,This was SO closeğŸ˜³ğŸ˜­ #newchallenge #shorts  @isabellaafro @IsabellandJay,This was SO closeğŸ˜³ğŸ˜­ #newchallenge #shorts  @isabellaafro @IsabellandJay,2025-03-01 15:04:19,7130479,17,34972610.0,41,Oeganda,30,0.5,Comedy,24
127,Still surprising mom with magic âœ¨,Still surprising mom with magic âœ¨,2025-02-26 13:01:30,20965178,24,51493926.0,42,Oeganda,33,0.2,Comedy,18
128,When he ran into the door! ğŸ˜²,When he ran into the door! ğŸ˜²,2025-02-26 16:10:26,36050754,10,99252449.0,38,Oeganda,33,1.2,Entertainment,28
129,When he ran into the door! ğŸ˜²,When he ran into the door! ğŸ˜²,2025-02-26 16:10:26,36050754,10,99252449.0,50,Zimbabwe,33,1.2,Entertainment,40
130,When he ran into the door! ğŸ˜²,When he ran into the door! ğŸ˜²,2025-02-26 16:10:26,36050754,10,99252449.0,38,Malta,33,1.2,Entertainment,28
131,Still surprising mom with magic âœ¨,Still surprising mom with magic âœ¨,2025-02-26 13:01:30,20965178,26,51493926.0,42,Oeganda,33,0.2,Comedy,16
132,When he ran into the door! ğŸ˜²,When he ran into the door! ğŸ˜²,2025-02-26 16:10:26,36104618,2,99252449.0,38,Oeganda,33,1.2,Entertainment,36
133,When he ran into the door! ğŸ˜²,When he ran into the door! ğŸ˜²,2025-02-26 16:10:26,36104618,2,99252449.0,50,Zimbabwe,33,1.2,Entertainment,48
134,When he ran into the door! ğŸ˜²,When he ran into the door! ğŸ˜²,2025-02-26 16:10:26,36104618,2,99252449.0,38,Malta,33,1.2,Entertainment,36
135,When he ran into the door! ğŸ˜²,When he ran into the door! ğŸ˜²,2025-02-26 16:10:26,36050754,5,99252449.0,38,Oeganda,33,1.2,Entertainment,33
136,When he ran into the door! ğŸ˜²,When he ran into the door! ğŸ˜²,2025-02-26 16:10:26,36050754,5,99252449.0,50,Zimbabwe,33,1.2,Entertainment,45
137,When he ran into the door! ğŸ˜²,When he ran into the door! ğŸ˜²,2025-02-26 16:10:26,36050754,5,99252449.0,38,Malta,33,1.2,Entertainment,33
138,When he ran into the door! ğŸ˜²,When he ran into the door! ğŸ˜²,2025-02-26 16:10:26,36354048,5,99252449.0,38,Oeganda,33,1.2,Entertainment,33
139,When he ran into the door! ğŸ˜²,When he ran into the door! ğŸ˜²,2025-02-26 16:10:26,36354048,5,99252449.0,50,Zimbabwe,33,1.2,Entertainment,45
140,When he ran into the door! ğŸ˜²,When he ran into the door! ğŸ˜²,2025-02-26 16:10:26,36354048,5,99252449.0,38,Malta,33,1.2,Entertainment,33
141,Still surprising mom with magic âœ¨,Still surprising mom with magic âœ¨,2025-02-26 13:01:30,20965178,11,51493926.0,42,Oeganda,33,0.2,Comedy,31
142,Still surprising mom with magic âœ¨,Still surprising mom with magic âœ¨,2025-02-26 13:01:30,21003434,11,51493926.0,42,Oeganda,33,0.2,Comedy,31
143,å§å§å¥½å‰å®³å•Šï¼#ç«å½±å¿è€… #å®¶åº­ #å°èš‚èš,å§å§å¥½å‰å®³å•Šï¼#ç«å½±å¿è€… #å®¶åº­ #å°èš‚èš,2025-02-25 09:00:13,25154845,16,98503326.0,39,Oeganda,34,0.4,People & Blogs,23
144,å§å§å¥½å‰å®³å•Šï¼#ç«å½±å¿è€… #å®¶åº­ #å°èš‚èš,å§å§å¥½å‰å®³å•Šï¼#ç«å½±å¿è€… #å®¶åº­ #å°èš‚èš,2025-02-25 09:00:13,25405757,16,98503326.0,39,Oeganda,34,0.4,People & Blogs,23
145,When he ran into the door! ğŸ˜²,When he ran into the door! ğŸ˜²,2025-02-26 16:10:26,36050754,4,99252449.0,38,Oeganda,33,1.2,Entertainment,34
146,When he ran into the door! ğŸ˜²,When he ran into the door! ğŸ˜²,2025-02-26 16:10:26,36050754,4,99252449.0,50,Zimbabwe,33,1.2,Entertainment,46
147,When he ran into the door! ğŸ˜²,When he ran into the door! ğŸ˜²,2025-02-26 16:10:26,36050754,4,99252449.0,38,Malta,33,1.2,Entertainment,34
148,When he ran into the door! ğŸ˜²,When he ran into the door! ğŸ˜²,2025-02-26 16:10:26,36050754,3,99252449.0,38,Oeganda,33,1.2,Entertainment,35
149,When he ran into the door! ğŸ˜²,When he ran into the door! ğŸ˜²,2025-02-26 16:10:26,36050754,3,99252449.0,50,Zimbabwe,33,1.2,Entertainment,47
150,When he ran into the door! ğŸ˜²,When he ran into the door! ğŸ˜²,2025-02-26 16:10:26,36050754,3,99252449.0,38,Malta,33,1.2,Entertainment,35
151,When he ran into the door! ğŸ˜²,When he ran into the door! ğŸ˜²,2025-02-26 16:10:26,36104618,11,99252449.0,38,Oeganda,33,1.2,Entertainment,27
152,When he ran into the door! ğŸ˜²,When he ran into the door! ğŸ˜²,2025-02-26 16:10:26,36104618,11,99252449.0,50,Zimbabwe,33,1.2,Entertainment,39
153,When he ran into the door! ğŸ˜²,When he ran into the door! ğŸ˜²,2025-02-26 16:10:26,36104618,11,99252449.0,38,Malta,33,1.2,Entertainment,27
154,"Haha, are children's brains so good now?# Mother and Child Daily# Family Fun# Life Tips# Parent-Chi","Haha, are children's brains so good now?# Mother and Child Daily# Family Fun# Life Tips# Parent-Chi",2025-02-28 07:07:40,6253958,13,75379066.0,37,Oeganda,31,0.6,People & Blogs,24
155,This was SO closeğŸ˜³ğŸ˜­ #newchallenge #shorts  @isabellaafro @IsabellandJay,This was SO closeğŸ˜³ğŸ˜­ #newchallenge #shorts  @isabellaafro @IsabellandJay,2025-03-01 15:04:19,7130479,17,34972610.0,41,Oeganda,30,0.5,Comedy,24
156,YAILIN LA MAS VIRAL x DJ ADONI - Yo No Olvido (Video Oficial),YAILIN LA MAS VIRAL x DJ ADONI - Yo No Olvido (Video Oficial),2025-03-03 16:00:06,683872,26,10171505.0,49,Nicaragua,28,2.7,Music,23
157,When he ran into the door! ğŸ˜²,When he ran into the door! ğŸ˜²,2025-02-26 16:10:26,36104618,36,99252449.0,38,Oeganda,33,1.2,Entertainment,2
158,When he ran into the door! ğŸ˜²,When he ran into the door! ğŸ˜²,2025-02-26 16:10:26,36104618,36,99252449.0,50,Zimbabwe,33,1.2,Entertainment,14
159,When he ran into the door! ğŸ˜²,When he ran into the door! ğŸ˜²,2025-02-26 16:10:26,36104618,36,99252449.0,38,Malta,33,1.2,Entertainment,2
160,When he ran into the door! ğŸ˜²,When he ran into the door! ğŸ˜²,2025-02-26 16:10:26,36104618,5,99252449.0,38,Oeganda,33,1.2,Entertainment,33
161,When he ran into the door! ğŸ˜²,When he ran into the door! ğŸ˜²,2025-02-26 16:10:26,36104618,5,99252449.0,50,Zimbabwe,33,1.2,Entertainment,45
162,When he ran into the door! ğŸ˜²,When he ran into the door! ğŸ˜²,2025-02-26 16:10:26,36104618,5,99252449.0,38,Malta,33,1.2,Entertainment,33
163,When he ran into the door! ğŸ˜²,When he ran into the door! ğŸ˜²,2025-02-26 16:10:26,36104618,3,99252449.0,38,Oeganda,33,1.2,Entertainment,35
164,When he ran into the door! ğŸ˜²,When he ran into the door! ğŸ˜²,2025-02-26 16:10:26,36104618,3,99252449.0,50,Zimbabwe,33,1.2,Entertainment,47
165,When he ran into the door! ğŸ˜²,When he ran into the door! ğŸ˜²,2025-02-26 16:10:26,36104618,3,99252449.0,38,Malta,33,1.2,Entertainment,35
166,Content thá»i tiá»n sá»­ [BEN EAGLE] #beneagle #kungfu #martialarts #fighting #action #entertainment,Content thá»i tiá»n sá»­ [BEN EAGLE] #beneagle #kungfu #martialarts #fighting #action #entertainment,2025-02-25 16:00:54,16607109,16,30400086.0,35,Oeganda,34,0.6,Entertainment,19
167,Still surprising mom with magic âœ¨,Still surprising mom with magic âœ¨,2025-02-26 13:01:30,20965178,29,51493926.0,42,Oeganda,33,0.2,Comedy,13
168,When he ran into the door! ğŸ˜²,When he ran into the door! ğŸ˜²,2025-02-26 16:10:26,36050754,6,99252449.0,38,Oeganda,33,1.2,Entertainment,32
169,When he ran into the door! ğŸ˜²,When he ran into the door! ğŸ˜²,2025-02-26 16:10:26,36050754,6,99252449.0,50,Zimbabwe,33,1.2,Entertainment,44
170,When he ran into the door! ğŸ˜²,When he ran into the door! ğŸ˜²,2025-02-26 16:10:26,36050754,6,99252449.0,38,Malta,33,1.2,Entertainment,32
171,Still surprising mom with magic âœ¨,Still surprising mom with magic âœ¨,2025-02-26 13:01:30,20965178,25,51493926.0,42,Oeganda,33,0.2,Comedy,17
172,Content thá»i tiá»n sá»­ [BEN EAGLE] #beneagle #kungfu #martialarts #fighting #action #entertainment,Content thá»i tiá»n sá»­ [BEN EAGLE] #beneagle #kungfu #martialarts #fighting #action #entertainment,2025-02-25 16:00:54,16607109,30,30400086.0,35,Oeganda,34,0.6,Entertainment,5
173,When he ran into the door! ğŸ˜²,When he ran into the door! ğŸ˜²,2025-02-26 16:10:26,36104618,2,99252449.0,38,Oeganda,33,1.2,Entertainment,36
174,When he ran into the door! ğŸ˜²,When he ran into the door! ğŸ˜²,2025-02-26 16:10:26,36104618,2,99252449.0,50,Zimbabwe,33,1.2,Entertainment,48
175,When he ran into the door! ğŸ˜²,When he ran into the door! ğŸ˜²,2025-02-26 16:10:26,36104618,2,99252449.0,38,Malta,33,1.2,Entertainment,36
176,When he ran into the door! ğŸ˜²,When he ran into the door! ğŸ˜²,2025-02-26 16:10:26,36104618,3,99252449.0,38,Oeganda,33,1.2,Entertainment,35
177,When he ran into the door! ğŸ˜²,When he ran into the door! ğŸ˜²,2025-02-26 16:10:26,36104618,3,99252449.0,50,Zimbabwe,33,1.2,Entertainment,47
178,When he ran into the door! ğŸ˜²,When he ran into the door! ğŸ˜²,2025-02-26 16:10:26,36104618,3,99252449.0,38,Malta,33,1.2,Entertainment,35
179,Still surprising mom with magic âœ¨,Still surprising mom with magic âœ¨,2025-02-26 13:01:30,20965178,18,51493926.0,42,Oeganda,33,0.2,Comedy,24
180,When he ran into the door! ğŸ˜²,When he ran into the door! ğŸ˜²,2025-02-26 16:10:26,36104618,4,99252449.0,38,Oeganda,33,1.2,Entertainment,34
181,When he ran into the door! ğŸ˜²,When he ran into the door! ğŸ˜²,2025-02-26 16:10:26,36104618,4,99252449.0,50,Zimbabwe,33,1.2,Entertainment,46
182,When he ran into the door! ğŸ˜²,When he ran into the door! ğŸ˜²,2025-02-26 16:10:26,36104618,4,99252449.0,38,Malta,33,1.2,Entertainment,34
183,"Highest Away From Me Wins $10,000","Highest Away From Me Wins $10,000",2025-02-28 17:00:00,76608367,28,161117200.0,49,Luxemburg,31,0.8,Entertainment,21
184,When he ran into the door! ğŸ˜²,When he ran into the door! ğŸ˜²,2025-02-26 16:10:26,36104618,8,99252449.0,38,Oeganda,33,1.2,Entertainment,30
185,When he ran into the door! ğŸ˜²,When he ran into the door! ğŸ˜²,2025-02-26 16:10:26,36104618,8,99252449.0,50,Zimbabwe,33,1.2,Entertainment,42
186,When he ran into the door! ğŸ˜²,When he ran into the door! ğŸ˜²,2025-02-26 16:10:26,36104618,8,99252449.0,38,Malta,33,1.2,Entertainment,30
187,This was SO closeğŸ˜³ğŸ˜­ #newchallenge #shorts  @isabellaafro @IsabellandJay,This was SO closeğŸ˜³ğŸ˜­ #newchallenge #shorts  @isabellaafro @IsabellandJay,2025-03-01 15:04:19,7130479,14,34972610.0,41,Oeganda,30,0.5,Comedy,27
188,"Highest Away From Me Wins $10,000","Highest Away From Me Wins $10,000",2025-02-28 17:00:00,76608367,16,161117200.0,49,Luxemburg,31,0.8,Entertainment,33
189,"Haha, are children's brains so good now?# Mother and Child Daily# Family Fun# Life Tips# Parent-Chi","Haha, are children's brains so good now?# Mother and Child Daily# Family Fun# Life Tips# Parent-Chi",2025-02-28 07:07:40,6253958,18,75379066.0,37,Oeganda,31,0.6,People & Blogs,19
190,When he ran into the door! ğŸ˜²,When he ran into the door! ğŸ˜²,2025-02-26 16:10:26,36104618,2,99252449.0,38,Oeganda,33,1.2,Entertainment,36
191,When he ran into the door! ğŸ˜²,When he ran into the door! ğŸ˜²,2025-02-26 16:10:26,36104618,2,99252449.0,50,Zimbabwe,33,1.2,Entertainment,48
192,When he ran into the door! ğŸ˜²,When he ran into the door! ğŸ˜²,2025-02-26 16:10:26,36104618,2,99252449.0,38,Malta,33,1.2,Entertainment,36
193,When he ran into the door! ğŸ˜²,When he ran into the door! ğŸ˜²,2025-02-26 16:10:26,36104618,7,99252449.0,38,Oeganda,33,1.2,Entertainment,31
194,When he ran into the door! ğŸ˜²,When he ran into the door! ğŸ˜²,2025-02-26 16:10:26,36104618,7,99252449.0,50,Zimbabwe,33,1.2,Entertainment,43
195,When he ran into the door! ğŸ˜²,When he ran into the door! ğŸ˜²,2025-02-26 16:10:26,36104618,7,99252449.0,38,Malta,33,1.2,Entertainment,31
196,Still surprising mom with magic âœ¨,Still surprising mom with magic âœ¨,2025-02-26 13:01:30,20965178,21,51493926.0,42,Oeganda,33,0.2,Comedy,21
197,When he ran into the door! ğŸ˜²,When he ran into the door! ğŸ˜²,2025-02-26 16:10:26,36104618,8,99252449.0,38,Oeganda,33,1.2,Entertainment,30
198,When he ran into the door! ğŸ˜²,When he ran into the door! ğŸ˜²,2025-02-26 16:10:26,36104618,8,99252449.0,50,Zimbabwe,33,1.2,Entertainment,42
199,When he ran into the door! ğŸ˜²,When he ran into the door! ğŸ˜²,2025-02-26 16:10:26,36104618,8,99252449.0,38,Malta,33,1.2,Entertainment,30
200,When he ran into the door! ğŸ˜²,When he ran into the door! ğŸ˜²,2025-02-26 16:10:26,36104618,28,99252449.0,38,Oeganda,33,1.2,Entertainment,10
201,When he ran into the door! ğŸ˜²,When he ran into the door! ğŸ˜²,2025-02-26 16:10:26,36104618,28,99252449.0,50,Zimbabwe,33,1.2,Entertainment,22
202,When he ran into the door! ğŸ˜²,When he ran into the door! ğŸ˜²,2025-02-26 16:10:26,36104618,28,99252449.0,38,Malta,33,1.2,Entertainment,10
203,When he ran into the door! ğŸ˜²,When he ran into the door! ğŸ˜²,2025-02-26 16:10:26,36104618,17,99252449.0,38,Oeganda,33,1.2,Entertainment,21
204,When he ran into the door! ğŸ˜²,When he ran into the door! ğŸ˜²,2025-02-26 16:10:26,36104618,17,99252449.0,50,Zimbabwe,33,1.2,Entertainment,33
205,When he ran into the door! ğŸ˜²,When he ran into the door! ğŸ˜²,2025-02-26 16:10:26,36104618,17,99252449.0,38,Malta,33,1.2,Entertainment,21
206,When he ran into the door! ğŸ˜²,When he ran into the door! ğŸ˜²,2025-02-26 16:10:26,36239737,17,99252449.0,38,Oeganda,33,1.2,Entertainment,21
207,When he ran into the door! ğŸ˜²,When he ran into the door! ğŸ˜²,2025-02-26 16:10:26,36239737,17,99252449.0,50,Zimbabwe,33,1.2,Entertainment,33
208,When he ran into the door! ğŸ˜²,When he ran into the door! ğŸ˜²,2025-02-26 16:10:26,36239737,17,99252449.0,38,Malta,33,1.2,Entertainment,21
209,When he ran into the door! ğŸ˜²,When he ran into the door! ğŸ˜²,2025-02-26 16:10:26,36104618,9,99252449.0,38,Oeganda,33,1.2,Entertainment,29
210,When he ran into the door! ğŸ˜²,When he ran into the door! ğŸ˜²,2025-02-26 16:10:26,36104618,9,99252449.0,50,Zimbabwe,33,1.2,Entertainment,41
211,When he ran into the door! ğŸ˜²,When he ran into the door! ğŸ˜²,2025-02-26 16:10:26,36104618,9,99252449.0,38,Malta,33,1.2,Entertainment,29
212,Still surprising mom with magic âœ¨,Still surprising mom with magic âœ¨,2025-02-26 13:01:30,20965178,21,51493926.0,42,Oeganda,33,0.2,Comedy,21
213,Content thá»i tiá»n sá»­ [BEN EAGLE] #beneagle #kungfu #martialarts #fighting #action #entertainment,Content thá»i tiá»n sá»­ [BEN EAGLE] #beneagle #kungfu #martialarts #fighting #action #entertainment,2025-02-25 16:00:54,16607109,46,30400086.0,35,Oeganda,34,0.6,Entertainment,-11
214,When he ran into the door! ğŸ˜²,When he ran into the door! ğŸ˜²,2025-02-26 16:10:26,36104618,6,99252449.0,38,Oeganda,33,1.2,Entertainment,32
215,When he ran into the door! ğŸ˜²,When he ran into the door! ğŸ˜²,2025-02-26 16:10:26,36104618,6,99252449.0,50,Zimbabwe,33,1.2,Entertainment,44
216,When he ran into the door! ğŸ˜²,When he ran into the door! ğŸ˜²,2025-02-26 16:10:26,36104618,6,99252449.0,38,Malta,33,1.2,Entertainment,32
217,Still surprising mom with magic âœ¨,Still surprising mom with magic âœ¨,2025-02-26 13:01:30,20965178,8,51493926.0,42,Oeganda,33,0.2,Comedy,34
218,å§å§å¥½å‰å®³å•Šï¼#ç«å½±å¿è€… #å®¶åº­ #å°èš‚èš,å§å§å¥½å‰å®³å•Šï¼#ç«å½±å¿è€… #å®¶åº­ #å°èš‚èš,2025-02-25 09:00:13,25154845,25,98503326.0,39,Oeganda,34,0.4,People & Blogs,14
219,When he ran into the door! ğŸ˜²,When he ran into the door! ğŸ˜²,2025-02-26 16:10:26,36104618,3,99252449.0,38,Oeganda,33,1.2,Entertainment,35
220,When he ran into the door! ğŸ˜²,When he ran into the door! ğŸ˜²,2025-02-26 16:10:26,36104618,3,99252449.0,50,Zimbabwe,33,1.2,Entertainment,47
221,When he ran into the door! ğŸ˜²,When he ran into the door! ğŸ˜²,2025-02-26 16:10:26,36104618,3,99252449.0,38,Malta,33,1.2,Entertainment,35
222,Still surprising mom with magic âœ¨,Still surprising mom with magic âœ¨,2025-02-26 13:01:30,20965178,31,51493926.0,42,Oeganda,33,0.2,Comedy,11
223,When he ran into the door! ğŸ˜²,When he ran into the door! ğŸ˜²,2025-02-26 16:10:26,36104618,3,99252449.0,38,Oeganda,33,1.2,Entertainment,35
224,When he ran into the door! ğŸ˜²,When he ran into the door! ğŸ˜²,2025-02-26 16:10:26,36104618,3,99252449.0,50,Zimbabwe,33,1.2,Entertainment,47
225,When he ran into the door! ğŸ˜²,When he ran into the door! ğŸ˜²,2025-02-26 16:10:26,36104618,3,99252449.0,38,Malta,33,1.2,Entertainment,35
226,When he ran into the door! ğŸ˜²,When he ran into the door! ğŸ˜²,2025-02-26 16:10:26,36104618,2,99252449.0,38,Oeganda,33,1.2,Entertainment,36
227,When he ran into the door! ğŸ˜²,When he ran into the door! ğŸ˜²,2025-02-26 16:10:26,36104618,2,99252449.0,50,Zimbabwe,33,1.2,Entertainment,48
228,When he ran into the door! ğŸ˜²,When he ran into the door! ğŸ˜²,2025-02-26 16:10:26,36104618,2,99252449.0,38,Malta,33,1.2,Entertainment,36
229,When he ran into the door! ğŸ˜²,When he ran into the door! ğŸ˜²,2025-02-26 16:10:26,36104618,10,99252449.0,38,Oeganda,33,1.2,Entertainment,28
230,When he ran into the door! ğŸ˜²,When he ran into the door! ğŸ˜²,2025-02-26 16:10:26,36104618,10,99252449.0,50,Zimbabwe,33,1.2,Entertainment,40
231,When he ran into the door! ğŸ˜²,When he ran into the door! ğŸ˜²,2025-02-26 16:10:26,36104618,10,99252449.0,38,Malta,33,1.2,Entertainment,28
232,When he ran into the door! ğŸ˜²,When he ran into the door! ğŸ˜²,2025-02-26 16:10:26,36104618,16,99252449.0,38,Oeganda,33,1.2,Entertainment,22
233,When he ran into the door! ğŸ˜²,When he ran into the door! ğŸ˜²,2025-02-26 16:10:26,36104618,16,99252449.0,50,Zimbabwe,33,1.2,Entertainment,34
234,When he ran into the door! ğŸ˜²,When he ran into the door! ğŸ˜²,2025-02-26 16:10:26,36104618,16,99252449.0,38,Malta,33,1.2,Entertainment,22
235,When he ran into the door! ğŸ˜²,When he ran into the door! ğŸ˜²,2025-02-26 16:10:26,36104618,12,99252449.0,38,Oeganda,33,1.2,Entertainment,26
236,When he ran into the door! ğŸ˜²,When he ran into the door! ğŸ˜²,2025-02-26 16:10:26,36104618,12,99252449.0,50,Zimbabwe,33,1.2,Entertainment,38
237,When he ran into the door! ğŸ˜²,When he ran into the door! ğŸ˜²,2025-02-26 16:10:26,36104618,12,99252449.0,38,Malta,33,1.2,Entertainment,26
238,Still surprising mom with magic âœ¨,Still surprising mom with magic âœ¨,2025-02-26 13:01:30,20965178,26,51493926.0,42,Oeganda,33,0.2,Comedy,16
239,When he ran into the door! ğŸ˜²,When he ran into the door! ğŸ˜²,2025-02-26 16:10:26,36104618,6,99252449.0,38,Oeganda,33,1.2,Entertainment,32
240,When he ran into the door! ğŸ˜²,When he ran into the door! ğŸ˜²,2025-02-26 16:10:26,36104618,6,99252449.0,50,Zimbabwe,33,1.2,Entertainment,44
241,When he ran into the door! ğŸ˜²,When he ran into the door! ğŸ˜²,2025-02-26 16:10:26,36104618,6,99252449.0,38,Malta,33,1.2,Entertainment,32
242,Content thá»i tiá»n sá»­ [BEN EAGLE] #beneagle #kungfu #martialarts #fighting #action #entertainment,Content thá»i tiá»n sá»­ [BEN EAGLE] #beneagle #kungfu #martialarts #fighting #action #entertainment,2025-02-25 16:00:54,16607109,27,30400086.0,35,Oeganda,34,0.6,Entertainment,8
243,Still surprising mom with magic âœ¨,Still surprising mom with magic âœ¨,2025-02-26 13:01:30,20965178,39,51493926.0,42,Oeganda,33,0.2,Comedy,3
244,"Haha, are children's brains so good now?# Mother and Child Daily# Family Fun# Life Tips# Parent-Chi","Haha, are children's brains so good now?# Mother and Child Daily# Family Fun# Life Tips# Parent-Chi",2025-02-28 07:07:40,6253958,42,75379066.0,37,Oeganda,31,0.6,People & Blogs,-5
245,When he ran into the door! ğŸ˜²,When he ran into the door! ğŸ˜²,2025-02-26 16:10:26,36104618,6,99252449.0,38,Oeganda,33,1.2,Entertainment,32
246,When he ran into the door! ğŸ˜²,When he ran into the door! ğŸ˜²,2025-02-26 16:10:26,36104618,6,99252449.0,50,Zimbabwe,33,1.2,Entertainment,44
247,When he ran into the door! ğŸ˜²,When he ran into the door! ğŸ˜²,2025-02-26 16:10:26,36104618,6,99252449.0,38,Malta,33,1.2,Entertainment,32
248,Still surprising mom with magic âœ¨,Still surprising mom with magic âœ¨,2025-02-26 13:01:30,20965178,28,51493926.0,42,Oeganda,33,0.2,Comedy,14
249,When he ran into the door! ğŸ˜²,When he ran into the door! ğŸ˜²,2025-02-26 16:10:26,36104618,4,99252449.0,38,Oeganda,33,1.2,Entertainment,34
250,When he ran into the door! ğŸ˜²,When he ran into the door! ğŸ˜²,2025-02-26 16:10:26,36104618,4,99252449.0,50,Zimbabwe,33,1.2,Entertainment,46
251,When he ran into the door! ğŸ˜²,When he ran into the door! ğŸ˜²,2025-02-26 16:10:26,36104618,4,99252449.0,38,Malta,33,1.2,Entertainment,34
252,Still surprising mom with magic âœ¨,Still surprising mom with magic âœ¨,2025-02-26 13:01:30,20965178,23,51493926.0,42,Oeganda,33,0.2,Comedy,19
253,When he ran into the door! ğŸ˜²,When he ran into the door! ğŸ˜²,2025-02-26 16:10:26,36104618,6,99252449.0,38,Oeganda,33,1.2,Entertainment,32
254,When he ran into the door! ğŸ˜²,When he ran into the door! ğŸ˜²,2025-02-26 16:10:26,36104618,6,99252449.0,50,Zimbabwe,33,1.2,Entertainment,44
255,When he ran into the door! ğŸ˜²,When he ran into the door! ğŸ˜²,2025-02-26 16:10:26,36104618,6,99252449.0,38,Malta,33,1.2,Entertainment,32
256,Still surprising mom with magic âœ¨,Still surprising mom with magic âœ¨,2025-02-26 13:01:30,20965178,16,51493926.0,42,Oeganda,33,0.2,Comedy,26
257,LOMIIEL - PA' QUE LO BAILES ''BAILALO ROKY'' - ( VIDEO OFICIAL 4K ),LOMIIEL - PA' QUE LO BAILES ''BAILALO ROKY'' - ( VIDEO OFICIAL 4K ),2025-02-28 16:30:11,1092604,10,17967698.0,43,Costa Rica,31,2.1,Music,33
258,LOMIIEL - PA' QUE LO BAILES ''BAILALO ROKY'' - ( VIDEO OFICIAL 4K ),LOMIIEL - PA' QUE LO BAILES ''BAILALO ROKY'' - ( VIDEO OFICIAL 4K ),2025-02-28 16:30:11,1092604,10,17967698.0,13,Uruguay,31,2.1,Music,3
259,When he ran into the door! ğŸ˜²,When he ran into the door! ğŸ˜²,2025-02-26 16:10:26,36354048,1,99252449.0,38,Oeganda,33,1.2,Entertainment,37
260,When he ran into the door! ğŸ˜²,When he ran into the door! ğŸ˜²,2025-02-26 16:10:26,36354048,1,99252449.0,50,Zimbabwe,33,1.2,Entertainment,49
261,When he ran into the door! ğŸ˜²,When he ran into the door! ğŸ˜²,2025-02-26 16:10:26,36354048,1,99252449.0,38,Malta,33,1.2,Entertainment,37
262,Still surprising mom with magic âœ¨,Still surprising mom with magic âœ¨,2025-02-26 13:01:30,21003434,11,51493926.0,42,Oeganda,33,0.2,Comedy,31
263,LOMIIEL - PA' QUE LO BAILES ''BAILALO ROKY'' - ( VIDEO OFICIAL 4K ),LOMIIEL - PA' QUE LO BAILES ''BAILALO ROKY'' - ( VIDEO OFICIAL 4K ),2025-02-28 16:30:11,1092604,33,17967698.0,43,Costa Rica,31,2.1,Music,10
264,LOMIIEL - PA' QUE LO BAILES ''BAILALO ROKY'' - ( VIDEO OFICIAL 4K ),LOMIIEL - PA' QUE LO BAILES ''BAILALO ROKY'' - ( VIDEO OFICIAL 4K ),2025-02-28 16:30:11,1092604,33,17967698.0,13,Uruguay,31,2.1,Music,-20
265,LOMIIEL - PA' QUE LO BAILES ''BAILALO ROKY'' - ( VIDEO OFICIAL 4K ),LOMIIEL - PA' QUE LO BAILES ''BAILALO ROKY'' - ( VIDEO OFICIAL 4K ),2025-02-28 16:30:11,1092604,4,17967698.0,43,Costa Rica,31,2.1,Music,39
266,LOMIIEL - PA' QUE LO BAILES ''BAILALO ROKY'' - ( VIDEO OFICIAL 4K ),LOMIIEL - PA' QUE LO BAILES ''BAILALO ROKY'' - ( VIDEO OFICIAL 4K ),2025-02-28 16:30:11,1092604,4,17967698.0,13,Uruguay,31,2.1,Music,9
267,LOMIIEL - PA' QUE LO BAILES ''BAILALO ROKY'' - ( VIDEO OFICIAL 4K ),LOMIIEL - PA' QUE LO BAILES ''BAILALO ROKY'' - ( VIDEO OFICIAL 4K ),2025-02-28 16:30:11,1092604,13,17967698.0,43,Costa Rica,31,2.1,Music,30
268,LOMIIEL - PA' QUE LO BAILES ''BAILALO ROKY'' - ( VIDEO OFICIAL 4K ),LOMIIEL - PA' QUE LO BAILES ''BAILALO ROKY'' - ( VIDEO OFICIAL 4K ),2025-02-28 16:30:11,1092604,13,17967698.0,13,Uruguay,31,2.1,Music,0
269,LOMIIEL - PA' QUE LO BAILES ''BAILALO ROKY'' - ( VIDEO OFICIAL 4K ),LOMIIEL - PA' QUE LO BAILES ''BAILALO ROKY'' - ( VIDEO OFICIAL 4K ),2025-02-28 16:30:11,1092604,19,17967698.0,43,Costa Rica,31,2.1,Music,24
270,LOMIIEL - PA' QUE LO BAILES ''BAILALO ROKY'' - ( VIDEO OFICIAL 4K ),LOMIIEL - PA' QUE LO BAILES ''BAILALO ROKY'' - ( VIDEO OFICIAL 4K ),2025-02-28 16:30:11,1092604,19,17967698.0,13,Uruguay,31,2.1,Music,-6
271,LOMIIEL - PA' QUE LO BAILES ''BAILALO ROKY'' - ( VIDEO OFICIAL 4K ),LOMIIEL - PA' QUE LO BAILES ''BAILALO ROKY'' - ( VIDEO OFICIAL 4K ),2025-02-28 16:30:11,1092604,10,17967698.0,43,Costa Rica,31,2.1,Music,33
272,LOMIIEL - PA' QUE LO BAILES ''BAILALO ROKY'' - ( VIDEO OFICIAL 4K ),LOMIIEL - PA' QUE LO BAILES ''BAILALO ROKY'' - ( VIDEO OFICIAL 4K ),2025-02-28 16:30:11,1092604,10,17967698.0,13,Uruguay,31,2.1,Music,3
